,Names,tags
0,삼성에스디에스,IT
1,카카오페이,IT
2,현대오토에버,IT
3,포스코 ICT,IT
4,DSNL,IT
5,한국정보통신,IT
6,NHN한국사이버결제,IT
7,다날,IT
8,롯데정보통신,IT
9,KG이니시스,IT
10,키다리스튜디오,IT
11,나이스정보통신,IT
12,카페24,IT
13,KG모빌리언스,IT
14,갤럭시아머니트리,IT
15,Hecto Financial,IT
16,이크레더블,IT
17,신세계I&C,IT
18,효성ITX,IT
19,윈스,IT
20,아시아나IDT,IT
21,DB,IT
22,가비아,IT
23,한일네트웍스,IT
24,광무,IT
25,SBI핀테크솔루션즈,IT
26,핑거,IT
27,플래티어,IT
28,오상자이엘,IT
29,콤텍시스템,IT
30,오픈베이스,IT
31,에스넷,IT
32,이삭엔지니어링,IT
33,한네트,IT
34,아이티센,IT
35,인성정보,IT
36,링크제니시스,IT
37,오파스넷,IT
38,네오리진,IT
39,케이씨에스,IT
40,쌍용정보통신,IT
41,링네트,IT
42,정원엔시스,IT
43,브리지텍,IT
44,싸이버원,IT
45,대신정보통신,IT
46,토마토시스템,IT
47,플랜티넷,IT
48,에스에스알,IT
49,아이크래프트,IT
50,삼성에스디에스,IT
51,카카오페이,IT
52,현대오토에버,IT
53,포스코 ICT,IT
54,DSNL,IT
55,한국정보통신,IT
56,NHN한국사이버결제,IT
57,다날,IT
58,롯데정보통신,IT
59,KG이니시스,IT
60,키다리스튜디오,IT
61,나이스정보통신,IT
62,카페24,IT
63,KG모빌리언스,IT
64,갤럭시아머니트리,IT
65,Hecto Financial,IT
66,이크레더블,IT
67,신세계I&C,IT
68,효성ITX,IT
69,윈스,IT
70,아시아나IDT,IT
71,DB,IT
72,가비아,IT
73,한일네트웍스,IT
74,광무,IT
75,SBI핀테크솔루션즈,IT
76,핑거,IT
77,플래티어,IT
78,오상자이엘,IT
79,콤텍시스템,IT
80,오픈베이스,IT
81,에스넷,IT
82,이삭엔지니어링,IT
83,한네트,IT
84,아이티센,IT
85,인성정보,IT
86,링크제니시스,IT
87,오파스넷,IT
88,네오리진,IT
89,케이씨에스,IT
90,쌍용정보통신,IT
91,링네트,IT
92,정원엔시스,IT
93,브리지텍,IT
94,싸이버원,IT
95,대신정보통신,IT
96,토마토시스템,IT
97,플랜티넷,IT
98,에스에스알,IT
99,아이크래프트,IT
100,유엔젤,IT
101,한솔PNS,IT
102,한솔인티큐브,IT
103,굿센,IT
104,비케이탑스,IT
105,롯데리츠,IT
106,ESR켄달스퀘어리츠,IT
107,SK리츠,IT
108,제이알글로벌,IT
109,신한알파리츠,IT
110,코람코에너지,IT
111,한국자산신탁,IT
112,맵스리얼티1,IT
113,이리츠코크렙,IT
114,디앤디플랫폼리츠,IT
115,신한서부티엔디리츠,IT
116,코람코더원리츠,IT
117,NH올원리츠,IT
118,이지스밸류플러스리츠,IT
119,미래에셋글로벌리츠,IT
120,이지스레지던스리츠,IT
121,Nh Prime,IT
122,미래에셋맵스리츠,IT
123,케이탑리츠,IT
124,모두투어리츠,IT
125,에이리츠,IT
126,쎄노텍,건설
127,현대건설우,건설
128,현대건설,건설
129,삼성엔지니어링,건설
130,DL이앤씨우,건설
131,GS건설,건설
132,한전기술,건설
133,대우건설,건설
134,DL이앤씨,건설
135,DL Holdings Prf,건설
136,DL,건설
137,아이에스동서,건설
138,HDC현대산업개발,건설
139,코오롱글로벌우,건설
140,티와이홀딩스,건설
141,태영건설우,건설
142,코오롱글로벌,건설
143,금호산업우,건설
144,DL건설,건설
145,Soosan Industries,건설
146,진흥기업2우B,건설
147,진흥기업우B,건설
148,동국S&C,건설
149,도화엔지니어링,건설
150,동부건설우,건설
151,삼부토건,건설
152,한라,건설
153,서희건설,건설
154,금호산업,건설
155,한양이엔지,건설
156,동부건설,건설
157,동아지질,건설
158,진흥기업,건설
159,태영건설,건설
160,한미글로벌,건설
161,계룡건설,건설
162,금화피에스시,건설
163,특수건설,건설
164,일성건설,건설
165,화성산업,건설
166,동신건설,건설
167,KCC건설,건설
168,원방테크,건설
169,한신공영,건설
170,KT서브마린,건설
171,서한,건설
172,이테크건설,건설
173,유신,건설
174,이화공영,건설
175,남광토건,건설
176,삼호개발,건설
177,현대건설우,건설
178,현대건설,건설
179,삼성엔지니어링,건설
180,DL이앤씨우,건설
181,GS건설,건설
182,한전기술,건설
183,대우건설,건설
184,DL이앤씨,건설
185,DL Holdings Prf,건설
186,DL,건설
187,아이에스동서,건설
188,HDC현대산업개발,건설
189,코오롱글로벌우,건설
190,티와이홀딩스,건설
191,태영건설우,건설
192,코오롱글로벌,건설
193,금호산업우,건설
194,DL건설,건설
195,Soosan Industries,건설
196,진흥기업2우B,건설
197,진흥기업우B,건설
198,동국S&C,건설
199,도화엔지니어링,건설
200,동부건설우,건설
201,삼부토건,건설
202,한라,건설
203,서희건설,건설
204,금호산업,건설
205,한양이엔지,건설
206,동부건설,건설
207,동아지질,건설
208,진흥기업,건설
209,태영건설,건설
210,한미글로벌,건설
211,계룡건설,건설
212,금화피에스시,건설
213,특수건설,건설
214,일성건설,건설
215,화성산업,건설
216,동신건설,건설
217,KCC건설,건설
218,원방테크,건설
219,한신공영,건설
220,KT서브마린,건설
221,서한,건설
222,이테크건설,건설
223,유신,건설
224,이화공영,건설
225,남광토건,건설
226,삼호개발,건설
227,시공테크,건설
228,범양건영,건설
229,신세계건설,건설
230,세보엠이씨,건설
231,까뮤이앤씨,건설
232,스페코,건설
233,웰크론한텍,건설
234,성도이엔지,건설
235,남화토건,건설
236,한국종합기술,건설
237,우원개발,건설
238,상지카일룸,건설
239,KH E T,건설
240,신원종합개발,건설
241,에쓰씨엔지니어링,건설
242,삼일기업공사,건설
243,우진아이엔에스,건설
244,엑사이엔씨,건설
245,누리플랜,건설
246,관악산업,건설
247,비디아이,건설
248,엔에스컴퍼니,건설
249,청광종건,건설
250,POSCO홀딩스,금
251,고려아연,금
252,현대제철,금
253,동국제강,금
254,영풍,금
255,KG스틸,금
256,풍산,금
257,세아베스틸,금
258,세아제강지주,금
259,남선알미우,금
260,고려제강,금
261,세아제강,금
262,세아홀딩스,금
263,동일산업,금
264,현대비앤지스틸우,금
265,조일알미늄,금
266,한국철강,금
267,아주스틸,금
268,포스코엠텍,금
269,남선알미늄,금
270,삼아알미늄,금
271,풍산홀딩스,금
272,대한제강,금
273,동국산업,금
274,금강공업우,금
275,TCC스틸,금
276,휴스틸,금
277,현대비앤지스틸,금
278,포스코강판,금
279,키스코홀딩스,금
280,동일금속,금
281,금강공업,금
282,금강철강,금
283,세아특수강,금
284,디씨엠,금
285,한국특강,금
286,황금에스티,금
287,그린플러스,금
288,동양철관,금
289,조선선재,금
290,NI스틸,금
291,대양금속,금
292,대창,금
293,티플랙스,금
294,삼원강재,금
295,이구산업,금
296,덕신하우징,금
297,경남스틸,금
298,다스코,금
299,한국선재,금
300,POSCO홀딩스,금
301,고려아연,금
302,현대제철,금
303,동국제강,금
304,영풍,금
305,KG스틸,금
306,풍산,금
307,세아베스틸,금
308,세아제강지주,금
309,남선알미우,금
310,고려제강,금
311,세아제강,금
312,세아홀딩스,금
313,동일산업,금
314,현대비앤지스틸우,금
315,조일알미늄,금
316,한국철강,금
317,아주스틸,금
318,포스코엠텍,금
319,남선알미늄,금
320,삼아알미늄,금
321,풍산홀딩스,금
322,대한제강,금
323,동국산업,금
324,금강공업우,금
325,TCC스틸,금
326,휴스틸,금
327,현대비앤지스틸,금
328,포스코강판,금
329,키스코홀딩스,금
330,동일금속,금
331,금강공업,금
332,금강철강,금
333,세아특수강,금
334,디씨엠,금
335,한국특강,금
336,황금에스티,금
337,그린플러스,금
338,동양철관,금
339,조선선재,금
340,NI스틸,금
341,대양금속,금
342,대창,금
343,티플랙스,금
344,삼원강재,금
345,이구산업,금
346,덕신하우징,금
347,경남스틸,금
348,다스코,금
349,한국선재,금
350,피제이메탈,금
351,하이스틸,금
352,한일철강,금
353,대호에이엘,금
354,삼현철강,금
355,만호제강,금
356,문배철강,금
357,EG,금
358,화인베스틸,금
359,부국철강,금
360,유에스티,금
361,대창스틸,금
362,제일테크노스,금
363,서원,금
364,제일제강,금
365,대동스틸,금
366,쎄니트,금
367,코드네이처,금
368,동일제강,금
369,코센,금
370,삼보산업,금
371,신진에스엠,금
372,영흥철강,금
373,대호특수강,금
374,대호특수강우,금
375,동양에스텍,금
376,원일특강,금
377,윈하이텍,금
378,코나솔,금
379,동일철강,금
380,신화실업,금
381,국일신동,금
382,광진실업,금
383,한국주강,금
384,대주에너지,금
385,메리츠금융지주,금
386,NICE,금
387,하인크코리아,금
388,메이슨캐피탈,금
389,엔에이치스팩20호,금
390,SK5호스팩,금
391,Cape Es No 4 Spac,금
392,다이오진,금
393,씨아이에스,금
394,모비스,금
395,본느,금
396,삼성카드,금
397,한국캐피탈,금
398,리드코프,금
399,CNH,금
400,Sangsangin,금
401,Charmzone Global,기계
402,현대중공업,기계
403,한국조선해양,기계
404,삼성중공업,기계
405,삼성중공우,기계
406,현대미포조선,기계
407,두산밥캣,기계
408,현대로템,기계
409,대우조선해양,기계
410,에스에프에이,기계
411,삼강엠앤티,기계
412,현대엘리베이,기계
413,현대두산인프라코어,기계
414,피엔티,기계
415,에이프로젠 MED,기계
416,현대건설기계,기계
417,다원시스,기계
418,레인보우로보틱스,기계
419,HSD엔진,기계
420,하나기술,기계
421,HJ중공업,기계
422,대보마그네틱,기계
423,태광,기계
424,휴림로봇,기계
425,원준,기계
426,STX엔진,기계
427,DYPNF,기계
428,세진중공업,기계
429,TYM,기계
430,심팩,기계
431,삼익THK,기계
432,범한퓨얼셀,기계
433,하이록코리아,기계
434,일진다이아,기계
435,유일로보틱스,기계
436,코윈테크,기계
437,씨에스베어링,기계
438,일진파워,기계
439,에이비프로바이오,기계
440,제이브이엠,기계
441,대동,기계
442,한신기계,기계
443,웰크론강원,기계
444,태웅,기계
445,비에이치아이,기계
446,이엔플러스,기계
447,와이지-원,기계
448,진성티이씨,기계
449,티에스아이,기계
450,디와이,기계
451,Charmzone Global,기계
452,현대중공업,기계
453,한국조선해양,기계
454,삼성중공업,기계
455,삼성중공우,기계
456,현대미포조선,기계
457,두산밥캣,기계
458,현대로템,기계
459,대우조선해양,기계
460,에스에프에이,기계
461,삼강엠앤티,기계
462,현대엘리베이,기계
463,현대두산인프라코어,기계
464,피엔티,기계
465,에이프로젠 MED,기계
466,현대건설기계,기계
467,다원시스,기계
468,레인보우로보틱스,기계
469,HSD엔진,기계
470,하나기술,기계
471,HJ중공업,기계
472,대보마그네틱,기계
473,태광,기계
474,휴림로봇,기계
475,원준,기계
476,STX엔진,기계
477,DYPNF,기계
478,세진중공업,기계
479,TYM,기계
480,심팩,기계
481,삼익THK,기계
482,범한퓨얼셀,기계
483,하이록코리아,기계
484,일진다이아,기계
485,유일로보틱스,기계
486,코윈테크,기계
487,씨에스베어링,기계
488,일진파워,기계
489,에이비프로바이오,기계
490,제이브이엠,기계
491,대동,기계
492,한신기계,기계
493,웰크론강원,기계
494,태웅,기계
495,비에이치아이,기계
496,이엔플러스,기계
497,와이지-원,기계
498,진성티이씨,기계
499,티에스아이,기계
500,디와이,기계
501,영풍정밀,기계
502,세원이앤씨,기계
503,케이피에프,기계
504,대성하이텍,기계
505,수산중공업,기계
506,지아이텍,기계
507,조광ILI,기계
508,엔시스,기계
509,현대에버다임,기계
510,케이프,기계
511,대창단조,기계
512,오리엔탈정공,기계
513,나인테크,기계
514,이엠코리아,기계
515,씨앤투스성진,기계
516,광림,기계
517,에스엠코어,기계
518,일승,기계
519,인화정공,기계
520,제이엔케이히터,기계
521,비엠티,기계
522,디와이파워,기계
523,SNT에너지,기계
524,테라사이언스,기계
525,STX중공업,기계
526,에이테크솔루션,기계
527,T Robotics,기계
528,우림피티에스,기계
529,메디콕스,기계
530,나라엠앤디,기계
531,한국내화,기계
532,기신정기,기계
533,일신바이오,기계
534,에이치와이티씨,기계
535,지앤비에스엔지니어링,기계
536,화천기계,기계
537,나래나노텍,기계
538,엔에스,기계
539,수성,기계
540,코메론,기계
541,에스피시스템스,기계
542,서암기계공업,기계
543,KC그린홀딩스,기계
544,디케이락,기계
545,대모,기계
546,우진플라임,기계
547,오텍,기계
548,큐로,기계
549,해성티피씨,기계
550,골든센츄리,기계
551,뉴로스,기계
552,케이에스피,기계
553,엔케이,기계
554,화천기공,기계
555,흥국,기계
556,KC코트렐,기계
557,CS홀딩스,기계
558,넥스턴,기계
559,화성밸브,기계
560,명성티엔에스,기계
561,TPC,기계
562,에쎈테크,기계
563,네오티스,기계
564,스맥,기계
565,다원넥스뷰,기계
566,제일연마,기계
567,아세아텍,기계
568,삼영엠텍,기계
569,대창솔루션,기계
570,파라텍,기계
571,크린앤사이언스,기계
572,포메탈,기계
573,카스,기계
574,상상인인더스트리,기계
575,영신금속,기계
576,부스타,기계
577,프리엠스,기계
578,동방선기,기계
579,팬스타엔터프라이즈,기계
580,글로벌에스엠,기계
581,Panacea,기계
582,케이피티유,기계
583,다이나믹디자인,기계
584,S&W,기계
585,이비테크,기계
586,한국정밀기계,기계
587,로보쓰리,기계
588,KT&G,담배
589,롯데렌탈,도로
590,쏘카,도로
591,SK렌터카,도로
592,레드캡투어,도로
593,천일고속,도로
594,초록뱀컴퍼니,도로
595,국보,도로
596,유성티엔에스,도로
597,한익스프레스,도로
598,동양고속,도로
599,삼일,도로
600,포스코인터내셔널,무역
601,에이원알폼,무역
602,SK네트웍스우,무역
603,SK네트웍스,무역
604,AJ네트웍스,무역
605,아이마켓코리아,무역
606,GS 글로벌,무역
607,코리아에스이,무역
608,삼영무역,무역
609,현대상사,무역
610,STX,무역
611,원익큐브,무역
612,혜인,무역
613,NAVER,미디어
614,카카오,미디어
615,아프리카TV,미디어
616,포바이포,미디어
617,SBS콘텐츠허브,미디어
618,줌인터넷,미디어
619,제일기획,미디어
620,이노션,미디어
621,SBS,미디어
622,에코마케팅,미디어
623,스카이라이프,미디어
624,LG헬로비전,미디어
625,YG PLUS,미디어
626,나스미디어,미디어
627,KX Innovation,미디어
628,현대에이치씨엔,미디어
629,웅진씽크빅,미디어
630,엔피,미디어
631,YTN,미디어
632,삼성출판사,미디어
633,디앤씨미디어,미디어
634,인크로스,미디어
635,한국경제TV,미디어
636,KNN,미디어
637,미스터블루,미디어
638,티비씨,미디어
639,이엠넷,미디어
640,FSN,미디어
641,엔비티,미디어
642,지투알,미디어
643,오리콤,미디어
644,디지틀조선,미디어
645,iMBC,미디어
646,플레이디,미디어
647,아시아경제,미디어
648,엠브레인,미디어
649,와이즈버즈,미디어
650,갤럭시아SM,미디어
651,와이더플래닛,미디어
652,예림당,미디어
653,이노벡스,미디어
654,씨씨에스,미디어
655,이퓨쳐,미디어
656,SK하이닉스,반도체
657,SK스퀘어,반도체
658,DB하이텍1우,반도체
659,리노공업,반도체
660,DB하이텍,반도체
661,LX세미콘,반도체
662,한미반도체,반도체
663,HPSP,반도체
664,원익IPS,반도체
665,티씨케이,반도체
666,심텍,반도체
667,덕산네오룩스,반도체
668,고영,반도체
669,해성디에스,반도체
670,이오테크닉스,반도체
671,현대에너지솔루션,반도체
672,SFA반도체,반도체
673,원익QnC,반도체
674,이녹스첨단소재,반도체
675,하나머티리얼즈,반도체
676,아이티엠반도체,반도체
677,주성엔지니어링,반도체
678,서울반도체,반도체
679,ISC,반도체
680,RFHIC,반도체
681,티에스이,반도체
682,유진테크,반도체
683,코미코,반도체
684,넥스틴,반도체
685,젬백스,반도체
686,에스앤에스텍,반도체
687,하나마이크론,반도체
688,파인테크닉스,반도체
689,네패스,반도체
690,신성이엔지,반도체
691,KEC,반도체
692,엘비세미콘,반도체
693,테스나,반도체
694,유니테스트,반도체
695,오킨스전자,반도체
696,덕산테코피아,반도체
697,Smart Solutions,반도체
698,에이피티씨,반도체
699,테스,반도체
700,덕산하이메탈,반도체
701,월덱스,반도체
702,케이씨텍,반도체
703,네패스아크,반도체
704,아나패스,반도체
705,가온칩스,반도체
706,SK하이닉스,반도체
707,SK스퀘어,반도체
708,DB하이텍1우,반도체
709,리노공업,반도체
710,DB하이텍,반도체
711,LX세미콘,반도체
712,한미반도체,반도체
713,HPSP,반도체
714,원익IPS,반도체
715,티씨케이,반도체
716,심텍,반도체
717,덕산네오룩스,반도체
718,고영,반도체
719,해성디에스,반도체
720,이오테크닉스,반도체
721,현대에너지솔루션,반도체
722,SFA반도체,반도체
723,원익QnC,반도체
724,이녹스첨단소재,반도체
725,하나머티리얼즈,반도체
726,아이티엠반도체,반도체
727,주성엔지니어링,반도체
728,서울반도체,반도체
729,ISC,반도체
730,RFHIC,반도체
731,티에스이,반도체
732,유진테크,반도체
733,코미코,반도체
734,넥스틴,반도체
735,젬백스,반도체
736,에스앤에스텍,반도체
737,하나마이크론,반도체
738,파인테크닉스,반도체
739,네패스,반도체
740,신성이엔지,반도체
741,KEC,반도체
742,엘비세미콘,반도체
743,테스나,반도체
744,유니테스트,반도체
745,오킨스전자,반도체
746,덕산테코피아,반도체
747,Smart Solutions,반도체
748,에이피티씨,반도체
749,테스,반도체
750,덕산하이메탈,반도체
751,월덱스,반도체
752,케이씨텍,반도체
753,네패스아크,반도체
754,아나패스,반도체
755,가온칩스,반도체
756,AP시스템,반도체
757,와이아이케이,반도체
758,HB솔루션,반도체
759,에프에스티,반도체
760,원익홀딩스,반도체
761,제우스,반도체
762,톱텍,반도체
763,테크윙,반도체
764,서울바이오시스,반도체
765,PSK,반도체
766,유니퀘스트,반도체
767,유니셈,반도체
768,엠케이전자,반도체
769,미코,반도체
770,아이에이,반도체
771,프로텍,반도체
772,BCNC,반도체
773,이녹스,반도체
774,엘비루셈,반도체
775,미래컴퍼니,반도체
776,파워로직스,반도체
777,케이씨,반도체
778,APS홀딩스,반도체
779,에스티아이,반도체
780,아이원스,반도체
781,텔레칩스,반도체
782,인텍플러스,반도체
783,어보브반도체,반도체
784,GST,반도체
785,플래스크,반도체
786,선익시스템,반도체
787,라온테크,반도체
788,필옵틱스,반도체
789,한솔테크닉스,반도체
790,뉴파워프라즈마,반도체
791,우리바이오,반도체
792,엘오티베큠,반도체
793,한양디지텍,반도체
794,피에스케이,반도체
795,에이디테크놀로지,반도체
796,예스티,반도체
797,디에스케이,반도체
798,아이텍반도체,반도체
799,디이엔티,반도체
800,동운아나텍,반도체
801,오성첨단소재,반도체
802,네온테크,반도체
803,아바코,반도체
804,싸이맥스,반도체
805,HB테크놀러지,반도체
806,비보존 헬스케어,반도체
807,피엔에이치테크,반도체
808,위드텍,반도체
809,코세스,반도체
810,아이씨디,반도체
811,디아이,반도체
812,브레인콘텐츠,반도체
813,제주반도체,반도체
814,디아이티,반도체
815,DMS,반도체
816,시그네틱스,반도체
817,오션브릿지,반도체
818,Neosem,반도체
819,광전자,반도체
820,기가레인,반도체
821,오로스테크놀로지,반도체
822,브이원텍,반도체
823,비아트론,반도체
824,아진엑스텍,반도체
825,디바이스이엔지,반도체
826,아스플로,반도체
827,야스,반도체
828,로체시스템즈,반도체
829,메카로,반도체
830,큐에스아이,반도체
831,러셀,반도체
832,에스에너지,반도체
833,케이피에스,반도체
834,케이엔제이,반도체
835,제이스텍,반도체
836,씨앤지하이테크,반도체
837,엑시콘,반도체
838,RF머트리얼즈,반도체
839,에이팩트,반도체
840,엔투텍,반도체
841,디에이테크놀로지,반도체
842,핌스,반도체
843,아이윈플러스,반도체
844,WI,반도체
845,에스엔유,반도체
846,탑선,반도체
847,영우디에스피,반도체
848,한송네오텍,반도체
849,램테크놀러지,반도체
850,탑엔지니어링,반도체
851,다믈멀티미디어,반도체
852,디스플레이텍,반도체
853,Equipments Cell,반도체
854,힘스,반도체
855,지니틱스,반도체
856,에이티세미콘,반도체
857,베셀,반도체
858,위지트,반도체
859,클라우드에어,반도체
860,삼진엘앤디,반도체
861,제이티,반도체
862,KX HiTech,반도체
863,일진디스플,반도체
864,레이저쎌,반도체
865,윈팩,반도체
866,픽셀플러스,반도체
867,신도기연,반도체
868,에프엔에스테크,반도체
869,Pro2000,반도체
870,우리이앤엘,반도체
871,이라이콤,반도체
872,라닉스,반도체
873,유테크,반도체
874,한국전자홀딩스,반도체
875,참엔지니어링,반도체
876,엘엠에스,반도체
877,멜파스,반도체
878,오디텍,반도체
879,윌링스,반도체
880,파인텍,반도체
881,마이크로프랜드,반도체
882,마이크로컨텍솔,반도체
883,루켄테크놀러지스,반도체
884,티엘아이,반도체
885,루멘스,반도체
886,앤씨앤,반도체
887,골드퍼시픽,반도체
888,제너셈,반도체
889,피델릭스,반도체
890,아이앤씨,반도체
891,피에스엠씨,반도체
892,성우테크론,반도체
893,미래산업,반도체
894,비케이홀딩스,반도체
895,코디,반도체
896,이엘피,반도체
897,빛샘전자,반도체
898,인베니아,반도체
899,제이엠아이,반도체
900,알파홀딩스,반도체
901,이미지스,반도체
902,알에프세미,반도체
903,엔시트론,반도체
904,코스텍시스템,반도체
905,이앤에치,반도체
906,에스엘바이오닉스,반도체
907,코디엠,반도체
908,세진티에스,반도체
909,엘디티,반도체
910,아이케이세미콘,반도체
911,에이디칩스,반도체
912,엘아이에스,반도체
913,큐엠씨,반도체
914,LAT,반도체
915,이엠앤아이,반도체
916,매직마이크로,반도체
917,삼성생명,보험
918,삼성화재 우선주,보험
919,삼성화재,보험
920,메리츠화재,보험
921,DB손해보험,보험
922,현대해상,보험
923,한화생명,보험
924,동양생명,보험
925,코리안리,보험
926,롯데손해보험,보험
927,한화손해보험,보험
928,미래에셋생명,보험
929,흥국화재2우B,보험
930,흥국화재우,보험
931,흥국화재,보험
932,에이플러스에셋,보험
933,인카금융서비스,보험
934,SK디앤디,부동산
935,한국토지신탁,부동산
936,동원개발,부동산
937,자이에스앤디,부동산
938,해성산업,부동산
939,리파인,부동산
940,마스턴프리미어리츠,부동산
941,이스타코,부동산
942,KD건설,부동산
943,Haesung Industrial Prf,부동산
944,롯데리츠,부동산
945,ESR켄달스퀘어리츠,부동산
946,SK리츠,부동산
947,제이알글로벌,부동산
948,신한알파리츠,부동산
949,코람코에너지,부동산
950,한국자산신탁,부동산
951,맵스리얼티1,부동산
952,이리츠코크렙,부동산
953,디앤디플랫폼리츠,부동산
954,신한서부티엔디리츠,부동산
955,코람코더원리츠,부동산
956,NH올원리츠,부동산
957,이지스밸류플러스리츠,부동산
958,미래에셋글로벌리츠,부동산
959,이지스레지던스리츠,부동산
960,Nh Prime,부동산
961,미래에셋맵스리츠,부동산
962,케이탑리츠,부동산
963,모두투어리츠,부동산
964,에이리츠,부동산
965,셀트리온,생명
966,SK바사,생명
967,알테오젠,생명
968,녹십자웰빙,생명
969,녹십자홀딩스2우,생명
970,씨젠,생명
971,휴젤,생명
972,신라젠,생명
973,네이처셀,생명
974,에이비엘바이오,생명
975,지씨셀,생명
976,진원생명과학,생명
977,녹십자홀딩스,생명
978,메디톡스,생명
979,바이오니아,생명
980,제넥신,생명
981,박셀바이오,생명
982,파미셀,생명
983,파마리서치프로덕트,생명
984,엔케이맥스,생명
985,메드팩토,생명
986,엘앤씨바이오,생명
987,헬릭스미스,생명
988,코오롱티슈진,생명
989,유바이오로직스,생명
990,한국비엔씨,생명
991,툴젠,생명
992,아미코젠,생명
993,HLB테라퓨틱스,생명
994,보로노이,생명
995,큐리언트,생명
996,티움바이오,생명
997,인트론바이오,생명
998,싸이토젠,생명
999,압타바이오,생명
1000,앱클론,생명
1001, 올릭스,생명
1002,지놈앤컴퍼니,생명
1003,유틸렉스,생명
1004,크리스탈지노믹스,생명
1005,Dx Vx,생명
1006,지노믹트리,생명
1007,고바이오랩,생명
1008,이수앱지스,생명
1009,나이벡,생명
1010,랩지노믹스,생명
1011,큐라클,생명
1012,프레스티지바이오로직스,생명
1013,브릿지바이오테라퓨틱스,생명
1014,아이진,생명
1015,셀트리온,생명
1016,SK바사,생명
1017,알테오젠,생명
1018,녹십자웰빙,생명
1019,녹십자홀딩스2우,생명
1020,씨젠,생명
1021,휴젤,생명
1022,신라젠,생명
1023,네이처셀,생명
1024,에이비엘바이오,생명
1025,지씨셀,생명
1026,진원생명과학,생명
1027,녹십자홀딩스,생명
1028,메디톡스,생명
1029,바이오니아,생명
1030,제넥신,생명
1031,박셀바이오,생명
1032,파미셀,생명
1033,파마리서치프로덕트,생명
1034,엔케이맥스,생명
1035,메드팩토,생명
1036,엘앤씨바이오,생명
1037,헬릭스미스,생명
1038,코오롱티슈진,생명
1039,유바이오로직스,생명
1040,한국비엔씨,생명
1041,툴젠,생명
1042,아미코젠,생명
1043,HLB테라퓨틱스,생명
1044,보로노이,생명
1045,큐리언트,생명
1046,티움바이오,생명
1047,인트론바이오,생명
1048,싸이토젠,생명
1049,압타바이오,생명
1050,앱클론,생명
1051, 올릭스,생명
1052,지놈앤컴퍼니,생명
1053,유틸렉스,생명
1054,크리스탈지노믹스,생명
1055,Dx Vx,생명
1056,지노믹트리,생명
1057,고바이오랩,생명
1058,이수앱지스,생명
1059,나이벡,생명
1060,랩지노믹스,생명
1061,큐라클,생명
1062,프레스티지바이오로직스,생명
1063,브릿지바이오테라퓨틱스,생명
1064,아이진,생명
1065,에이비온,생명
1066,선바이오,생명
1067,비엘,생명
1068,바이오에프디엔씨,생명
1069,셀리드,생명
1070,안트로젠,생명
1071,올리패스,생명
1072,차백신연구소,생명
1073,코아스템,생명
1074,카이노스메드,생명
1075,바이젠셀,생명
1076,에이프릴바이오,생명
1077,소마젠,생명
1078,테고사이언스,생명
1079,옵티팜,생명
1080,내츄럴엔도텍,생명
1081,강스템바이오텍,생명
1082,바이오솔루션,생명
1083,퀀타매트릭스,생명
1084,피비파마,생명
1085,진매트릭스,생명
1086,파나진,생명
1087,펨토바이오메드,생명
1088,엔솔바이오사이언스,생명
1089,서린바이오,생명
1090,엔젠바이오,생명
1091,한스바이오메드,생명
1092,피플바이오,생명
1093,클리노믹스,생명
1094,파멥신,생명
1095,쎌바이오텍,생명
1096,에스씨엠생명과학,생명
1097,네오이뮨텍,생명
1098,에이프로젠 H&G,생명
1099,디엔에이링크,생명
1100,압타머사이언스,생명
1101,지니너스,생명
1102,팬젠,생명
1103,진시스템,생명
1104,프로스테믹스,생명
1105,메디안디노스틱,생명
1106,애니젠,생명
1107,대성미생물,생명
1108,아퓨어스,생명
1109,HLB Science,생명
1110,진바이오텍,생명
1111,무진메디,생명
1112,안지오랩,생명
1113,에스엔피제네틱스,생명
1114,제노텍,생명
1115,삼성바이오로직스,생명
1116,에스티팜,생명
1117,레고켐바이오,생명
1118,셀리버리,생명
1119,노터스,생명
1120,마크로젠,생명
1121,퓨쳐켐,생명
1122,펩트론,생명
1123,이원다이애그노믹스,생명
1124,나노엔텍,생명
1125,한창바이오텍,생명
1126,바이오씨앤디,생명
1127,P&K 스킨리서치,생명
1128,바이오톡스텍,생명
1129,제놀루션,생명
1130,오리엔트바이오,생명
1131,Dreamcis,생명
1132,KPX생명과학,생명
1133,바이오코아,생명
1134,셀레믹스,생명
1135,얼라인드,생명
1136,에이디엠코리아,생명
1137,우정바이오,생명
1138,에스엘에스바이오,생명
1139,지더블유바이텍,생명
1140,바이오인프라,생명
1141,바이오시네틱스,생명
1142,메디젠휴먼케어,생명
1143,스템랩,생명
1144,크로넥스,생명
1145,삼성에스디에스,서비스
1146,카카오페이,서비스
1147,현대오토에버,서비스
1148,포스코 ICT,서비스
1149,DSNL,서비스
1150,한국정보통신,서비스
1151,NHN한국사이버결제,서비스
1152,다날,서비스
1153,롯데정보통신,서비스
1154,KG이니시스,서비스
1155,키다리스튜디오,서비스
1156,나이스정보통신,서비스
1157,카페24,서비스
1158,KG모빌리언스,서비스
1159,갤럭시아머니트리,서비스
1160,Hecto Financial,서비스
1161,이크레더블,서비스
1162,신세계I&C,서비스
1163,효성ITX,서비스
1164,윈스,서비스
1165,아시아나IDT,서비스
1166,DB,서비스
1167,가비아,서비스
1168,한일네트웍스,서비스
1169,광무,서비스
1170,SBI핀테크솔루션즈,서비스
1171,핑거,서비스
1172,플래티어,서비스
1173,오상자이엘,서비스
1174,콤텍시스템,서비스
1175,오픈베이스,서비스
1176,에스넷,서비스
1177,이삭엔지니어링,서비스
1178,한네트,서비스
1179,아이티센,서비스
1180,인성정보,서비스
1181,링크제니시스,서비스
1182,오파스넷,서비스
1183,네오리진,서비스
1184,케이씨에스,서비스
1185,쌍용정보통신,서비스
1186,링네트,서비스
1187,정원엔시스,서비스
1188,브리지텍,서비스
1189,싸이버원,서비스
1190,대신정보통신,서비스
1191,토마토시스템,서비스
1192,플랜티넷,서비스
1193,에스에스알,서비스
1194,아이크래프트,서비스
1195,삼성에스디에스,서비스
1196,카카오페이,서비스
1197,현대오토에버,서비스
1198,포스코 ICT,서비스
1199,DSNL,서비스
1200,한국정보통신,서비스
1201,NHN한국사이버결제,서비스
1202,다날,서비스
1203,롯데정보통신,서비스
1204,KG이니시스,서비스
1205,키다리스튜디오,서비스
1206,나이스정보통신,서비스
1207,카페24,서비스
1208,KG모빌리언스,서비스
1209,갤럭시아머니트리,서비스
1210,Hecto Financial,서비스
1211,이크레더블,서비스
1212,신세계I&C,서비스
1213,효성ITX,서비스
1214,윈스,서비스
1215,아시아나IDT,서비스
1216,DB,서비스
1217,가비아,서비스
1218,한일네트웍스,서비스
1219,광무,서비스
1220,SBI핀테크솔루션즈,서비스
1221,핑거,서비스
1222,플래티어,서비스
1223,오상자이엘,서비스
1224,콤텍시스템,서비스
1225,오픈베이스,서비스
1226,에스넷,서비스
1227,이삭엔지니어링,서비스
1228,한네트,서비스
1229,아이티센,서비스
1230,인성정보,서비스
1231,링크제니시스,서비스
1232,오파스넷,서비스
1233,네오리진,서비스
1234,케이씨에스,서비스
1235,쌍용정보통신,서비스
1236,링네트,서비스
1237,정원엔시스,서비스
1238,브리지텍,서비스
1239,싸이버원,서비스
1240,대신정보통신,서비스
1241,토마토시스템,서비스
1242,플랜티넷,서비스
1243,에스에스알,서비스
1244,아이크래프트,서비스
1245,유엔젤,서비스
1246,한솔PNS,서비스
1247,한솔인티큐브,서비스
1248,굿센,서비스
1249,비케이탑스,서비스
1250,글로벌텍스프리,서비스
1251,메리츠금융지주,서비스
1252,NICE,서비스
1253,하인크코리아,서비스
1254,메이슨캐피탈,서비스
1255,엔에이치스팩20호,서비스
1256,SK5호스팩,서비스
1257,Cape Es No 4 Spac,서비스
1258,다이오진,서비스
1259,메가스터디교육,서비스
1260,대교우B,서비스
1261,서울옥션,서비스
1262,대교,서비스
1263,멀티캠퍼스,서비스
1264,디지털대성,서비스
1265,크레버스,서비스
1266,케이옥션,서비스
1267,로보로보,서비스
1268,메가스터디,서비스
1269,국보디자인,서비스
1270,정상제이엘에스,서비스
1271,골드앤에스,서비스
1272,아이비김영,서비스
1273,룽투코리아,서비스
1274,비상교육,서비스
1275,NE능률,서비스
1276,메가엠디,서비스
1277,현대통신,서비스
1278,YBM넷,서비스
1279,아이스크림에듀,서비스
1280,유비온,서비스
1281,엄지하우스,서비스
1282,미래엔에듀파트너,서비스
1283,앙츠,서비스
1284,KT,서비스
1285,LG유플러스,서비스
1286,케이아이엔엑스,서비스
1287,인스코비,서비스
1288,세종텔레콤,서비스
1289,원포유,서비스
1290,이씨에스,서비스
1291,씨아이에스,서비스
1292,모비스,서비스
1293,본느,서비스
1294,NAVER,서비스
1295,카카오,서비스
1296,아프리카TV,서비스
1297,포바이포,서비스
1298,SBS콘텐츠허브,서비스
1299,줌인터넷,서비스
1300,SK텔레콤,서비스
1301,와이어블,서비스
1302,켐온,서비스
1303,에스원,서비스
1304,한전KPS,서비스
1305,에코프로에이치엔,서비스
1306,양지사,서비스
1307,인선이엔티,서비스
1308,코엔텍,서비스
1309,퍼시스,서비스
1310,고려신용정보,서비스
1311,와이엔텍,서비스
1312,한국전자금융,서비스
1313,한컴라이프케어,서비스
1314,BNGT,서비스
1315,SM Life Design,서비스
1316,자연과환경,서비스
1317,케이티스,서비스
1318,KTcs,서비스
1319,시디즈,서비스
1320,제넨바이오,서비스
1321,모나미,서비스
1322,로지시스,서비스
1323,한국큐빅,서비스
1324,태성,서비스
1325,코아스,서비스
1326,DuoBack,서비스
1327,씨앗,서비스
1328,Hankook,서비스
1329,삼성바이오로직스,서비스
1330,에스티팜,서비스
1331,레고켐바이오,서비스
1332,셀리버리,서비스
1333,노터스,서비스
1334,마크로젠,서비스
1335,퓨쳐켐,서비스
1336,펩트론,서비스
1337,이원다이애그노믹스,서비스
1338,나노엔텍,서비스
1339,한창바이오텍,서비스
1340,바이오씨앤디,서비스
1341,P&K 스킨리서치,서비스
1342,바이오톡스텍,서비스
1343,제놀루션,서비스
1344,오리엔트바이오,서비스
1345,Dreamcis,서비스
1346,KPX생명과학,서비스
1347,바이오코아,서비스
1348,셀레믹스,서비스
1349,얼라인드,서비스
1350,에이디엠코리아,서비스
1351,우정바이오,서비스
1352,에스엘에스바이오,서비스
1353,지더블유바이텍,서비스
1354,바이오인프라,서비스
1355,바이오시네틱스,서비스
1356,메디젠휴먼케어,서비스
1357,스템랩,서비스
1358,크로넥스,서비스
1359,셀트리온헬스케어,서비스
1360,에이치엘비생명과학,서비스
1361,차바이오텍,서비스
1362,메디포스트,서비스
1363,원익,서비스
1364,초록뱀헬스케어,서비스
1365,유투바이오,서비스
1366,서울리거,서비스
1367,NICE평가정보,서비스
1368,사람인에이치알,서비스
1369,원티드랩,서비스
1370,오르비텍,서비스
1371,한국전자인증,서비스
1372,나이스디앤비,서비스
1373,희림,서비스
1374,잉글우드랩,서비스
1375,에이치시티,서비스
1376,디티앤씨,서비스
1377,미래아이앤지,서비스
1378,디피코,서비스
1379,Human N,서비스
1380,더존비즈온,소프트웨어
1381,디어유,소프트웨어
1382,안랩,소프트웨어
1383,한글과컴퓨터,소프트웨어
1384,맥스트,소프트웨어
1385,웹케시,소프트웨어
1386,알서포트,소프트웨어
1387,한국정보인증,소프트웨어
1388,플리토,소프트웨어
1389,HDC랩스,소프트웨어
1390,Hecto Innovation,소프트웨어
1391,지어소프트,소프트웨어
1392,알체라,소프트웨어
1393,Emro,소프트웨어
1394,비즈니스온,소프트웨어
1395,티사이언티픽,소프트웨어
1396,코난테크놀로지,소프트웨어
1397,오비고,소프트웨어
1398,드림시큐리티,소프트웨어
1399,현대이지웰,소프트웨어
1400,셀바스AI,소프트웨어
1401,엑셈,소프트웨어
1402,바이브컴퍼니,소프트웨어
1403,아톤,소프트웨어
1404,한컴MDS,소프트웨어
1405,인포뱅크,소프트웨어
1406,케이사인,소프트웨어
1407,트윔,소프트웨어
1408,키네마스터,소프트웨어
1409,파수,소프트웨어
1410,큐로컴,소프트웨어
1411,한컴위드,소프트웨어
1412,유비벨록스,소프트웨어
1413,라온시큐어,소프트웨어
1414,에스트래픽,소프트웨어
1415,젬백스링크,소프트웨어
1416,비트나인,소프트웨어
1417,율호,소프트웨어
1418,이노뎁,소프트웨어
1419,마인즈랩,소프트웨어
1420,이스트소프트,소프트웨어
1421,핸디소프트,소프트웨어
1422,솔트룩스 ,소프트웨어
1423,데이타솔루션,소프트웨어
1424,지니언스,소프트웨어
1425,이루온,소프트웨어
1426,위세아이텍,소프트웨어
1427,씨이랩,소프트웨어
1428,영림원소프트랩,소프트웨어
1429,포시에스,소프트웨어
1430,더존비즈온,소프트웨어
1431,디어유,소프트웨어
1432,안랩,소프트웨어
1433,한글과컴퓨터,소프트웨어
1434,맥스트,소프트웨어
1435,웹케시,소프트웨어
1436,알서포트,소프트웨어
1437,한국정보인증,소프트웨어
1438,플리토,소프트웨어
1439,HDC랩스,소프트웨어
1440,Hecto Innovation,소프트웨어
1441,지어소프트,소프트웨어
1442,알체라,소프트웨어
1443,Emro,소프트웨어
1444,비즈니스온,소프트웨어
1445,티사이언티픽,소프트웨어
1446,코난테크놀로지,소프트웨어
1447,오비고,소프트웨어
1448,드림시큐리티,소프트웨어
1449,현대이지웰,소프트웨어
1450,셀바스AI,소프트웨어
1451,엑셈,소프트웨어
1452,바이브컴퍼니,소프트웨어
1453,아톤,소프트웨어
1454,한컴MDS,소프트웨어
1455,인포뱅크,소프트웨어
1456,케이사인,소프트웨어
1457,트윔,소프트웨어
1458,키네마스터,소프트웨어
1459,파수,소프트웨어
1460,큐로컴,소프트웨어
1461,한컴위드,소프트웨어
1462,유비벨록스,소프트웨어
1463,라온시큐어,소프트웨어
1464,에스트래픽,소프트웨어
1465,젬백스링크,소프트웨어
1466,비트나인,소프트웨어
1467,율호,소프트웨어
1468,이노뎁,소프트웨어
1469,마인즈랩,소프트웨어
1470,이스트소프트,소프트웨어
1471,핸디소프트,소프트웨어
1472,솔트룩스 ,소프트웨어
1473,데이타솔루션,소프트웨어
1474,지니언스,소프트웨어
1475,이루온,소프트웨어
1476,위세아이텍,소프트웨어
1477,씨이랩,소프트웨어
1478,영림원소프트랩,소프트웨어
1479,포시에스,소프트웨어
1480,아이퀘스트,소프트웨어
1481,수산아이앤티,소프트웨어
1482,미디어젠,소프트웨어
1483,모바일리더,소프트웨어
1484,브레인즈컴퍼니,소프트웨어
1485,이니텍,소프트웨어
1486,위즈코프,소프트웨어
1487,케이엘넷,소프트웨어
1488,폴라리스오피스,소프트웨어
1489,이글루시큐리티,소프트웨어
1490,엔텔스,소프트웨어
1491,인포바인,소프트웨어
1492,텔코웨어,소프트웨어
1493,알티캐스트,소프트웨어
1494,세중,소프트웨어
1495,네이블,소프트웨어
1496,아이티아이즈,소프트웨어
1497,Setopia,소프트웨어
1498,티라유텍,소프트웨어
1499,시큐브,소프트웨어
1500,SGA,소프트웨어
1501,지란지교시큐리티,소프트웨어
1502,투비소프트,소프트웨어
1503,데이터스트림즈,소프트웨어
1504,휴네시온,소프트웨어
1505,토탈소프트,소프트웨어
1506,라피치,소프트웨어
1507,비플라이소프트,소프트웨어
1508,시큐센,소프트웨어
1509,틸론,소프트웨어
1510,디지캡,소프트웨어
1511,엔지스테크널러지,소프트웨어
1512,피노텍,소프트웨어
1513,유니포인트,소프트웨어
1514,렌딩머신,소프트웨어
1515,현대무벡스,소프트웨어
1516,위메이드플레이,소프트웨어
1517,썸에이지,소프트웨어
1518,나무기술,소프트웨어
1519,SGA솔루션즈,소프트웨어
1520,세방,운송
1521,Sebang Co,운송
1522,동방,운송
1523,한국공항,운송
1524,현대글로비스,운송
1525,CJ대한통운,운송
1526,한진,운송
1527,KCTC,운송
1528,한솔로지스틱스,운송
1529,SG&G,운송
1530,KB금융,은행
1531,신한지주,은행
1532,카카오뱅크,은행
1533,하나금융지주,은행
1534,우리금융지주,은행
1535,기업은행,은행
1536,BNK 금융그룹,은행
1537,JB금융지주,은행
1538,DGB금융지주,은행
1539,제주은행,은행
1540,푸른저축은행,은행
1541,루닛,의료
1542,유비케어,의료
1543,CJ 바이오사이언스,의료
1544,이지케어텍,의료
1545,인피니트헬스케어,의료
1546,신테카바이오,의료
1547,비트컴퓨터,의료
1548,케어랩스,의료
1549,딥노이드,의료
1550,제이엘케이,의료
1551,라이프시맨틱스,의료
1552,셀젠텍,의료
1553,셀트리온헬스케어,의료
1554,에이치엘비생명과학,의료
1555,차바이오텍,의료
1556,메디포스트,의료
1557,원익,의료
1558,초록뱀헬스케어,의료
1559,유투바이오,의료
1560,서울리거,의료
1561,에스디바이오센서,의료
1562,오스템임플란트,의료
1563,클래시스,의료
1564,덴티움,의료
1565,이오플로우,의료
1566,아이센스,의료
1567,바텍,의료
1568,제이시스메디칼,의료
1569,루트로닉3우C,의료
1570,루트로닉,의료
1571,BioPlus,의료
1572,엑세스바이오,의료
1573,휴마시스,의료
1574,엠아이텍,의료
1575,서흥캅셀,의료
1576,뷰웍스,의료
1577,인터로조,의료
1578,티앤알바이오팹,의료
1579,디오,의료
1580,티앤엘,의료
1581,레이,의료
1582,시너지이노베이션,의료
1583,인바디,의료
1584,바디텍메드,의료
1585,인트로메딕,의료
1586,셀루메드,의료
1587,바이오다인,의료
1588,듀켐바이오,의료
1589,수젠텍,의료
1590,레이언스,의료
1591,세종메디칼,의료
1592,신흥,의료
1593,엘앤케이바이오,의료
1594,녹십자엠에스,의료
1595,세운메디칼,의료
1596,미코바이오메드,의료
1597,피씨엘,의료
1598,코렌텍,의료
1599,비올,의료
1600,제노레이,의료
1601,덴티스,의료
1602,이노시스,의료
1603,옵투스제약,의료
1604,이루다,의료
1605,휴비츠,의료
1606,디알젬,의료
1607,솔본,의료
1608,디알텍,의료
1609,하이로닉,의료
1610,리메드,의료
1611,에스디바이오센서,의료
1612,오스템임플란트,의료
1613,클래시스,의료
1614,덴티움,의료
1615,이오플로우,의료
1616,아이센스,의료
1617,바텍,의료
1618,제이시스메디칼,의료
1619,루트로닉3우C,의료
1620,루트로닉,의료
1621,BioPlus,의료
1622,엑세스바이오,의료
1623,휴마시스,의료
1624,엠아이텍,의료
1625,서흥캅셀,의료
1626,뷰웍스,의료
1627,인터로조,의료
1628,티앤알바이오팹,의료
1629,디오,의료
1630,티앤엘,의료
1631,레이,의료
1632,시너지이노베이션,의료
1633,인바디,의료
1634,바디텍메드,의료
1635,인트로메딕,의료
1636,셀루메드,의료
1637,바이오다인,의료
1638,듀켐바이오,의료
1639,수젠텍,의료
1640,레이언스,의료
1641,세종메디칼,의료
1642,신흥,의료
1643,엘앤케이바이오,의료
1644,녹십자엠에스,의료
1645,세운메디칼,의료
1646,미코바이오메드,의료
1647,피씨엘,의료
1648,코렌텍,의료
1649,비올,의료
1650,제노레이,의료
1651,덴티스,의료
1652,이노시스,의료
1653,옵투스제약,의료
1654,이루다,의료
1655,휴비츠,의료
1656,디알젬,의료
1657,솔본,의료
1658,디알텍,의료
1659,하이로닉,의료
1660,리메드,의료
1661,프리시젼바이오,의료
1662,프로테옴텍,의료
1663,멕아이씨에스,의료
1664,타스컴,의료
1665,마이크로디지탈,의료
1666,뷰노,의료
1667,메디아나,의료
1668,노을,의료
1669,케이엠,의료
1670,메디쎄이,의료
1671,젠큐릭스,의료
1672,씨유메디칼,의료
1673,메타바이오메드,의료
1674,아스타,의료
1675,Uxn,의료
1676,셀바스헬스케어,의료
1677,오스테오닉,의료
1678,이노테라피,의료
1679,켈스,의료
1680,솔고바이오,의료
1681,네오펙트,의료
1682,지티지웰니스,의료
1683,도부마스크,의료
1684,휴벡셀,의료
1685,나눔테크,의료
1686,루트락,의료
1687,라이프사이언스테크놀로지,의료
1688,바이오프로테크,의료
1689,현대차3우B,자동차
1690,현대차우,자동차
1691,현대차2우B,자동차
1692,현대차,자동차
1693,기아,자동차
1694,KR모터스,자동차
1695,베른,자동차
1696,현대모비스,자동차
1697,한온시스템,자동차
1698,한국타이어,자동차
1699,만도,자동차
1700,현대위아,자동차
1701,에스엘,자동차
1702,일진하이솔루스,자동차
1703,한국테크,자동차
1704,명신산업,자동차
1705,금호타이어,자동차
1706,넥센타이어1우B,자동차
1707,넥센타이어,자동차
1708,세방전지,자동차
1709,SNT모티브,자동차
1710,DN오토모티브,자동차
1711,Diac Co,자동차
1712,성우하이텍,자동차
1713,모트렉스,자동차
1714,화신,자동차
1715,이디,자동차
1716,넥센우,자동차
1717,서연이화,자동차
1718,SNT홀딩스,자동차
1719,넥센,자동차
1720,엠에스오토텍,자동차
1721,금호에이치티,자동차
1722,이원컴포텍,자동차
1723,대원강업,자동차
1724,모토닉,자동차
1725,삼기,자동차
1726,동아타이어,자동차
1727,넥스트칩,자동차
1728,세종공업,자동차
1729,우리산업,자동차
1730,에코캡,자동차
1731,디아이씨,자동차
1732,PHA,자동차
1733,센트랄모텍,자동차
1734,엔브이에이치코리아,자동차
1735,에코플라스틱,자동차
1736,서연,자동차
1737,영화테크,자동차
1738,동아화성,자동차
1739,아진산업,자동차
1740,인지컨트롤스,자동차
1741,유니온머티리얼,자동차
1742,HDC현대EP,자동차
1743,우수AMS,자동차
1744,대유플러스,자동차
1745,유니테크노,자동차
1746,현대모비스,자동차
1747,한온시스템,자동차
1748,한국타이어,자동차
1749,만도,자동차
1750,현대위아,자동차
1751,에스엘,자동차
1752,일진하이솔루스,자동차
1753,한국테크,자동차
1754,명신산업,자동차
1755,금호타이어,자동차
1756,넥센타이어1우B,자동차
1757,넥센타이어,자동차
1758,세방전지,자동차
1759,SNT모티브,자동차
1760,DN오토모티브,자동차
1761,Diac Co,자동차
1762,성우하이텍,자동차
1763,모트렉스,자동차
1764,화신,자동차
1765,이디,자동차
1766,넥센우,자동차
1767,서연이화,자동차
1768,SNT홀딩스,자동차
1769,넥센,자동차
1770,엠에스오토텍,자동차
1771,금호에이치티,자동차
1772,이원컴포텍,자동차
1773,대원강업,자동차
1774,모토닉,자동차
1775,삼기,자동차
1776,동아타이어,자동차
1777,넥스트칩,자동차
1778,세종공업,자동차
1779,우리산업,자동차
1780,에코캡,자동차
1781,디아이씨,자동차
1782,PHA,자동차
1783,센트랄모텍,자동차
1784,엔브이에이치코리아,자동차
1785,에코플라스틱,자동차
1786,서연,자동차
1787,영화테크,자동차
1788,동아화성,자동차
1789,아진산업,자동차
1790,인지컨트롤스,자동차
1791,유니온머티리얼,자동차
1792,HDC현대EP,자동차
1793,우수AMS,자동차
1794,대유플러스,자동차
1795,유니테크노,자동차
1796,오리엔트정공,자동차
1797,세원물산,자동차
1798,부산주공,자동차
1799,KB오토시스,자동차
1800,동국실업,자동차
1801,성창오토텍,자동차
1802,오스템,자동차
1803,태양금속,자동차
1804,평화홀딩스,자동차
1805,코다코,자동차
1806,동원금속,자동차
1807,디젠스,자동차
1808,한중엔시에스,자동차
1809,풍강,자동차
1810,DYC,자동차
1811,체시스,자동차
1812,우신시스템,자동차
1813,티피씨글로벌,자동차
1814,일지테크,자동차
1815,태원물산,자동차
1816,대동금속,자동차
1817,캐스텍코리아,자동차
1818,세동,자동차
1819,엔지브이아이,자동차
1820,태양기계,자동차
1821,SK 바이오팜 ,제약
1822,유한양행우,제약
1823,유한양행,제약
1824,신풍우,제약
1825,한미약품,제약
1826,한미사이언스,제약
1827,셀트리온제약,제약
1828,대웅제약,제약
1829,케어젠,제약
1830,신풍제약,제약
1831,HK이노엔,제약
1832,종근당,제약
1833,대웅,제약
1834,일동제약,제약
1835,동국제약,제약
1836,한올바이오파마,제약
1837,삼천당제약,제약
1838,보령,제약
1839,일양약품우,제약
1840,동아쏘시오홀딩스,제약
1841,JW Pharmaceutical,제약
1842,JW Pharmaceutical,제약
1843,오스코텍,제약
1844,부광약품,제약
1845,영진약품,제약
1846,코오롱생명과학,제약
1847,동아에스티,제약
1848,코미팜,제약
1849,JW중외제약,제약
1850,메지온,제약
1851,바이넥스,제약
1852,휴온스,제약
1853,일양약품,제약
1854,이연제약,제약
1855,CMG제약,제약
1856,유나이티드제약,제약
1857,대원제약,제약
1858,삼진제약,제약
1859,일동홀딩스,제약
1860,하나제약,제약
1861,제일약품,제약
1862,종근당,제약
1863,제테마,제약
1864,한국파마,제약
1865,환인제약,제약
1866,광동제약,제약
1867,에이치엘비제약,제약
1868,휴온스,제약
1869,동화약품,제약
1870,엔지켐생명과학,제약
1871,SK 바이오팜 ,제약
1872,유한양행우,제약
1873,유한양행,제약
1874,신풍우,제약
1875,한미약품,제약
1876,한미사이언스,제약
1877,셀트리온제약,제약
1878,대웅제약,제약
1879,케어젠,제약
1880,신풍제약,제약
1881,HK이노엔,제약
1882,종근당,제약
1883,대웅,제약
1884,일동제약,제약
1885,동국제약,제약
1886,한올바이오파마,제약
1887,삼천당제약,제약
1888,보령,제약
1889,일양약품우,제약
1890,동아쏘시오홀딩스,제약
1891,JW Pharmaceutical,제약
1892,JW Pharmaceutical,제약
1893,오스코텍,제약
1894,부광약품,제약
1895,영진약품,제약
1896,코오롱생명과학,제약
1897,동아에스티,제약
1898,코미팜,제약
1899,JW중외제약,제약
1900,메지온,제약
1901,바이넥스,제약
1902,휴온스,제약
1903,일양약품,제약
1904,이연제약,제약
1905,CMG제약,제약
1906,유나이티드제약,제약
1907,대원제약,제약
1908,삼진제약,제약
1909,일동홀딩스,제약
1910,하나제약,제약
1911,제일약품,제약
1912,종근당,제약
1913,제테마,제약
1914,한국파마,제약
1915,환인제약,제약
1916,광동제약,제약
1917,에이치엘비제약,제약
1918,휴온스,제약
1919,동화약품,제약
1920,엔지켐생명과학,제약
1921,한독,제약
1922,경동제약,제약
1923,에이프로젠제약,제약
1924,삼성제약,제약
1925,JW홀딩스,제약
1926,유유제약1우,제약
1927,유유제약2우B,제약
1928,대화제약,제약
1929,JW생명과학,제약
1930,휴메딕스,제약
1931,씨티씨바이오,제약
1932,제일파마,제약
1933,동구바이오제약,제약
1934,동성제약,제약
1935,JW신약,제약
1936,대한약품,제약
1937,화일약품,제약
1938,경보제약,제약
1939,일성신약,제약
1940,테라젠이텍스,제약
1941,종근당바이오,제약
1942,대한뉴팜,제약
1943,현대약품,제약
1944,중앙백신,제약
1945,노브메타파마,제약
1946,팜젠사이언스,제약
1947,삼일제약,제약
1948,유유제약,제약
1949,명문제약,제약
1950,위더스제약,제약
1951,안국약품,제약
1952,삼아제약,제약
1953,신일제약,제약
1954,에스텍파마,제약
1955,알리코제약,제약
1956,국제약품,제약
1957,고려제약,제약
1958,이글벳,제약
1959,조아제약,제약
1960,신신제약,제약
1961,하이텍팜,제약
1962,진양제약,제약
1963,비씨월드제약,제약
1964,경남제약,제약
1965,우진비앤지,제약
1966,지엘팜텍,제약
1967,제일바이오,제약
1968,한국유니온제약,제약
1969,바스칸바이오제약,제약
1970,서울제약,제약
1971,애드바이오텍,제약
1972,플럼라인생명과학,제약
1973,파워풀엑스,제약
1974,롯데렌탈,철도
1975,쏘카,철도
1976,SK렌터카,철도
1977,레드캡투어,철도
1978,천일고속,철도
1979,초록뱀컴퍼니,철도
1980,국보,철도
1981,유성티엔에스,철도
1982,한익스프레스,철도
1983,동양고속,철도
1984,삼일,철도
1985,KT,통신
1986,LG유플러스,통신
1987,케이아이엔엑스,통신
1988,인스코비,통신
1989,세종텔레콤,통신
1990,원포유,통신
1991,이씨에스,통신
1992,SK텔레콤,통신
1993,와이어블,통신
1994,CNT85,통신
1995,케이엠더블유,통신
1996,서진시스템,통신
1997,인텔리안테크,통신
1998,에치에프알,통신
1999,쏠리드,통신
2000,에이스테크,통신
2001,유비쿼스홀딩스,통신
2002,오이솔루션,통신
2003,대한광통신,통신
2004,이노와이어리스,통신
2005,휴맥스,통신
2006,유비쿼스,통신
2007,다산네트웍스,통신
2008,칩스앤미디어,통신
2009,AP위성,통신
2010,삼지전자,통신
2011,홈캐스트,통신
2012,THQ,통신
2013,가온미디어,통신
2014,머큐리,통신
2015,휴니드,통신
2016,삼영이엔씨,통신
2017,라이트론,통신
2018,탑코미디어,통신
2019,한창,통신
2020,우리넷,통신
2021,파이오링크,통신
2022,코콤,통신
2023,웨이브일렉트로,통신
2024,코위버,통신
2025,누리플렉스,통신
2026,이노인스트루먼트,통신
2027,알로이스,통신
2028,옵티시스,통신
2029,에스에이티,통신
2030,인포마크,통신
2031,코맥스,통신
2032,다보링크,통신
2033,기산텔레콤,통신
2034,아이즈비전,통신
2035,파인디지털,통신
2036,성우전자,통신
2037,우리로,통신
2038,Kespion,통신
2039,휴맥스홀딩스,통신
2040,텔레필드,통신
2041,에프알텍,통신
2042,CS,통신
2043,YW,통신
2044,CNT85,통신
2045,케이엠더블유,통신
2046,서진시스템,통신
2047,인텔리안테크,통신
2048,에치에프알,통신
2049,쏠리드,통신
2050,에이스테크,통신
2051,유비쿼스홀딩스,통신
2052,오이솔루션,통신
2053,대한광통신,통신
2054,이노와이어리스,통신
2055,휴맥스,통신
2056,유비쿼스,통신
2057,다산네트웍스,통신
2058,칩스앤미디어,통신
2059,AP위성,통신
2060,삼지전자,통신
2061,홈캐스트,통신
2062,THQ,통신
2063,가온미디어,통신
2064,머큐리,통신
2065,휴니드,통신
2066,삼영이엔씨,통신
2067,라이트론,통신
2068,탑코미디어,통신
2069,한창,통신
2070,우리넷,통신
2071,파이오링크,통신
2072,코콤,통신
2073,웨이브일렉트로,통신
2074,코위버,통신
2075,누리플렉스,통신
2076,이노인스트루먼트,통신
2077,알로이스,통신
2078,옵티시스,통신
2079,에스에이티,통신
2080,인포마크,통신
2081,코맥스,통신
2082,다보링크,통신
2083,기산텔레콤,통신
2084,아이즈비전,통신
2085,파인디지털,통신
2086,성우전자,통신
2087,우리로,통신
2088,Kespion,통신
2089,휴맥스홀딩스,통신
2090,텔레필드,통신
2091,에프알텍,통신
2092,CS,통신
2093,YW,통신
2094,피피아이,통신
2095,지오씨,통신
2096,중앙디앤엠,통신
2097,골프존데카,통신
2098,스카이문스테크놀로지,통신
2099,씨앤에스링크,통신
2100,휴센텍,통신
2101,포커스에이치엔에스,통신
2102,롯데리츠,투자
2103,ESR켄달스퀘어리츠,투자
2104,SK리츠,투자
2105,제이알글로벌,투자
2106,신한알파리츠,투자
2107,코람코에너지,투자
2108,한국자산신탁,투자
2109,맵스리얼티1,투자
2110,이리츠코크렙,투자
2111,디앤디플랫폼리츠,투자
2112,신한서부티엔디리츠,투자
2113,코람코더원리츠,투자
2114,NH올원리츠,투자
2115,이지스밸류플러스리츠,투자
2116,미래에셋글로벌리츠,투자
2117,이지스레지던스리츠,투자
2118,Nh Prime,투자
2119,미래에셋맵스리츠,투자
2120,케이탑리츠,투자
2121,모두투어리츠,투자
2122,에이리츠,투자
2123,현대글로비스,항공
2124,CJ대한통운,항공
2125,한진,항공
2126,KCTC,항공
2127,한솔로지스틱스,항공
2128,SG&G,항공
2129,대한항공우,항공
2130,대한항공,항공
2131,한진칼,항공
2132,아시아나항공,항공
2133,진에어,항공
2134,제주항공,항공
2135,티웨이항공,항공
2136,에어부산,항공
2137,한국항공우주,항공
2138,한화에어로스페이스 ,항공
2139,한화시스템,항공
2140,LIG넥스원,항공
2141,Earth Aerospace Manufacturing Ind,항공
2142,쎄트렉아이,항공
2143,SNT중공업,항공
2144,제노코,항공
2145,퍼스텍,항공
2146,빅텍,항공
2147,켄코아에어로,항공
2148,아스트,항공
2149,에이트원,항공
2150,하이즈항공,항공
2151,타임기술,항공
2152,LG 화학,화학
2153,LG화학,화학
2154,한화솔루션,화학
2155,한화케미칼우,화학
2156,금호석유우,화학
2157,롯데케미칼,화학
2158,SKIET,화학
2159,SKC,화학
2160,금호석유,화학
2161,에코프로,화학
2162,SK케미칼우,화학
2163,OCI,화학
2164,코오롱인더우,화학
2165,천보,화학
2166,한솔케미칼,화학
2167,KCC,화학
2168,SK케미칼,화학
2169,효성첨단소재,화학
2170,롯데정밀화학,화학
2171,동진쎄미켐,화학
2172,솔브레인,화학
2173,코오롱인더,화학
2174,후성,화학
2175,효성티앤씨,화학
2176,PI첨단소재,화학
2177,엔켐,화학
2178,유니드,화학
2179,금양,화학
2180,미원에스씨,화학
2181,코스모화학,화학
2182,미원상사,화학
2183,나노신소재,화학
2184,휴켐스,화학
2185,이수화학,화학
2186,대한 유화,화학
2187,태광산업,화학
2188,새빗켐,화학
2189,한국카본,화학
2190,애경케미칼,화학
2191,효성화학,화학
2192,송원산업,화학
2193,솔브레인홀딩스,화학
2194,코오롱플라스틱,화학
2195,남해화학,화학
2196,국도화학,화학
2197,덕성우,화학
2198,이엔에프테크놀로지,화학
2199,HDC,화학
2200,테이팩스,화학
2201,미래나노텍,화학
2202,LG 화학,화학
2203,LG화학,화학
2204,한화솔루션,화학
2205,한화케미칼우,화학
2206,금호석유우,화학
2207,롯데케미칼,화학
2208,SKIET,화학
2209,SKC,화학
2210,금호석유,화학
2211,에코프로,화학
2212,SK케미칼우,화학
2213,OCI,화학
2214,코오롱인더우,화학
2215,천보,화학
2216,한솔케미칼,화학
2217,KCC,화학
2218,SK케미칼,화학
2219,효성첨단소재,화학
2220,롯데정밀화학,화학
2221,동진쎄미켐,화학
2222,솔브레인,화학
2223,코오롱인더,화학
2224,후성,화학
2225,효성티앤씨,화학
2226,PI첨단소재,화학
2227,엔켐,화학
2228,유니드,화학
2229,금양,화학
2230,미원에스씨,화학
2231,코스모화학,화학
2232,미원상사,화학
2233,나노신소재,화학
2234,휴켐스,화학
2235,이수화학,화학
2236,대한 유화,화학
2237,태광산업,화학
2238,새빗켐,화학
2239,한국카본,화학
2240,애경케미칼,화학
2241,효성화학,화학
2242,송원산업,화학
2243,솔브레인홀딩스,화학
2244,코오롱플라스틱,화학
2245,남해화학,화학
2246,국도화학,화학
2247,덕성우,화학
2248,이엔에프테크놀로지,화학
2249,HDC,화학
2250,테이팩스,화학
2251,미래나노텍,화학
2252,원익머트리얼즈,화학
2253,KG케미칼,화학
2254,동성화인텍,화학
2255,미원에스씨,화학
2256,켐트로스,화학
2257,와이엠티,화학
2258,노루페인트우,화학
2259,한농화성,화학
2260,동성코퍼레이션,화학
2261,KPX케미칼,화학
2262,경인양행,화학
2263,KPX홀딩스,화학
2264,백광산업,화학
2265,동남합성,화학
2266,태경산업,화학
2267,한국알콜,화학
2268,노루홀딩스우,화학
2269,그린케미칼,화학
2270,레몬,화학
2271,노루페인트,화학
2272,경농,화학
2273,진양홀딩스,화학
2274,코프라,화학
2275,아미노로직스,화학
2276,제노포커스,화학
2277,디엔에프,화학
2278,VT GMP,화학
2279,삼화페인트,화학
2280,GRT,화학
2281,Hyupjin,화학
2282,강남제비스코,화학
2283,아셈스,화학
2284,노루홀딩스,화학
2285,케이엔더블유,화학
2286,태경케미컬,화학
2287,앤디포스,화학
2288,대정화금,화학
2289,대원화성,화학
2290,Nokwon Commercials Industries,화학
2291,미원화학,화학
2292,극동유화,화학
2293,잉크테크,화학
2294,영창케미칼,화학
2295,석경에이티,화학
2296,SH에너지화학,화학
2297,신화인터텍,화학
2298,조광페인트,화학
2299,카프로,화학
2300,덕성,화학
2301,보락,화학
2302,삼영화학,화학
2303,대유,화학
2304,KCI,화학
2305,엘티씨,화학
2306,폴라리스우노,화학
2307,엠에스씨,화학
2308,한일화학,화학
2309,나노씨엠에스,화학
2310,창해에탄올,화학
2311,크리스탈신소재,화학
2312,진양산업,화학
2313,상보,화학
2314,HRS,화학
2315,조비,화학
2316,엔에프씨,화학
2317,대봉엘에스,화학
2318,DSR,화학
2319,동방아그로,화학
2320,스카이이앤엠,화학
2321,S D,화학
2322,영보화학,화학
2323,효성오앤비,화학
2324,소니드,화학
2325,선진 뷰티 사이언스,화학
2326,누보,화학
2327,스킨앤스킨,화학
2328,성보화학,화학
2329,케이피엠테크,화학
2330,컬러레이,화학
2331,진양폴리,화학
2332,씨큐브,화학
2333,엔바이오니아,화학
2334,코이즈,화학
2335,오공,화학
2336,비비씨,화학
2337,케이디켐,화학
2338,인바이오,화학
2339,성문전자우,화학
2340,에스폴리텍,화학
2341,한창산업,화학
2342,위스컴,화학
2343,KBG,화학
2344,이화산업,화학
2345,웹스,화학
2346,S&K폴리텍,화학
2347,세우글로벌,화학
2348,나노캠텍,화학
2349,스타플렉스,화학
2350,엔피케이,화학
2351,나노브릭,화학
2352,바이온,화학
2353,나노,화학
2354,성문전자,화학
2355,전진바이오팜,화학
2356,일야,화학
2357,엔에스엠,화학
2358,테크트랜스,화학
2359,에스제이켐,화학
2360,YeSUN Tech,화학
2361,레이크머티리얼즈,화학
